gear,carb,mpg,disp,hp
3,1,20.333333333333332,201.03333333333333,104
3,2,17.15,345.5,162.5
3,3,16.3,275.8,180
3,4,12.620000000000001,416.4,228
4,1,29.1,84.2,72.5
4,2,24.75,121.05,79.5
4,4,19.75,163.8,116.5
5,2,28.2,107.69999999999999,102
5,4,15.8,351,264
5,6,19.7,145,175
5,8,15,301,335
